{
    "train_loss": [
        1.4859495186338239,
        1.1044654781911887,
        0.97699575213825,
        0.9056307135843763,
        0.8478882149154064,
        0.7685217232096428,
        0.7610971629619598,
        0.7098129704302433,
        0.7072757964625078,
        0.7058565721792334,
        0.671594857877376,
        0.6286462706093695,
        0.6244470897842856,
        0.5982029692215078,
        0.5906389840677673,
        0.5726107405681237,
        0.5706491224906024,
        0.5688186071667016,
        0.5620899796485901,
        0.5565071085504457,
        0.5447500526320701,
        0.5503603433277092,
        0.5540851100402719,
        0.5415817464099211,
        0.5043564878550231,
        0.52357501332082,
        0.5105726920506534,
        0.5080466612296946,
        0.5006094769227738,
        0.5134763349505032,
        0.49932576613683327,
        0.5082647369480601,
        0.4999988166724934,
        0.4971638228379044,
        0.5065030384005285,
        0.4821750293759739,
        0.4881002359530505,
        0.4986249233285586,
        0.4908148560161684,
        0.4868776698907216,
        0.48785048577131007,
        0.49792534638853636,
        0.49326909625647114,
        0.4800482668420848,
        0.475349781413873,
        0.4904354163536839,
        0.48483582250043455,
        0.4771151625934769,
        0.46700973750329483,
        0.47742608788551066
    ],
    "train_acc": [
        44.413665743305636,
        59.83379501385041,
        63.588796552785475,
        66.45121575869499,
        69.52908587257618,
        72.4222837796245,
        72.79162819329024,
        75.31548168667283,
        75.22314558325638,
        75.19236688211757,
        76.20806401969837,
        78.6088027085257,
        78.79347491535857,
        79.68605724838412,
        78.57802400738689,
        81.13265620190828,
        80.36318867343797,
        80.54786088027085,
        80.24007386888273,
        81.25577100646353,
        81.34810710987996,
        80.73253308710372,
        81.34810710987996,
        81.93290243151739,
        82.85626346568175,
        82.39458294859956,
        82.7331486611265,
        82.64081255771006,
        82.70236995998769,
        82.08679593721145,
        82.79470606340412,
        82.45614035087719,
        82.97937827023699,
        83.28716528162512,
        82.85626346568175,
        83.68728839642966,
        82.7331486611265,
        83.68728839642966,
        83.81040320098492,
        83.62573099415205,
        83.87196060326254,
        82.91782086795938,
        83.2563865804863,
        83.2563865804863,
        84.33364112034472,
        83.96429670667898,
        83.44105878731918,
        83.59495229301324,
        84.48753462603878,
        83.71806709756848
    ],
    "val_loss": [
        1.5958164775488424,
        1.9188950783481784,
        1.9329842481689126,
        1.6042153176066338,
        4.478453275984993,
        0.7022708249004448,
        0.6498767503482454,
        1.0124349211726118,
        1.6305060973345284,
        1.733064630866626,
        0.6647685001348602,
        1.6665131992788291,
        0.7976179879122213,
        0.7083045714352206,
        0.7131289547564936,
        0.750068461166366,
        1.010233254368216,
        0.5320152484939671,
        0.494824575817249,
        0.9458098421124376,
        0.5455924867716271,
        0.7172702577458147,
        0.8605037911443552,
        0.40022784889693935,
        0.5020067934494685,
        0.5660737505337844,
        0.4198858303054437,
        0.47696151474362936,
        0.4158450796031484,
        0.38002497669966784,
        0.3810105329817709,
        0.3778977303984849,
        0.3921864040141158,
        0.37410241124841076,
        0.3828865749916683,
        0.3768285242566729,
        0.38138691576051653,
        0.37244509180605995,
        0.3936425921342829,
        0.37695843165320364,
        0.36217704368070425,
        0.36908335260608616,
        0.4271004097559033,
        0.3742301249694006,
        0.360748518701168,
        0.3700026720899212,
        0.3845983559046598,
        0.3684150900545658,
        0.3630534760224834,
        0.35389910120626583
    ],
    "val_acc": [
        37.580794090489384,
        47.06063404124346,
        46.53739612188366,
        51.461988304093566,
        33.17943982763927,
        72.88396429670668,
        78.33179439827639,
        65.80486303477993,
        54.57063711911357,
        53.21637426900585,
        76.3004001231148,
        48.845798707294556,
        70.26777469990766,
        74.91535857186827,
        73.56109572176054,
        70.66789781471222,
        62.97322253000923,
        80.48630347799323,
        81.4404432132964,
        66.05109264389043,
        78.42413050169283,
        73.40720221606648,
        70.69867651585103,
        87.13450292397661,
        80.20929516774392,
        78.63958140966452,
        85.01077254539858,
        82.94859956909818,
        85.87257617728532,
        86.98060941828255,
        86.79593721144968,
        87.6269621421976,
        86.24192059095107,
        87.6269621421976,
        87.47306863650354,
        87.3499538319483,
        87.01138811942135,
        87.53462603878117,
        85.87257617728532,
        87.1037242228378,
        87.99630655586334,
        87.3807325330871,
        84.61064943059402,
        86.79593721144968,
        88.70421668205601,
        87.84241305016928,
        86.24192059095107,
        87.71929824561404,
        88.11942136041858,
        88.58110187750077
    ]
}