{
    "train_loss": [
        1.1738444660224168,
        0.8228381147571638,
        0.7291109935910094,
        0.6424953408685385,
        0.5771262059901275,
        0.5282620239783736,
        0.4651414456905103,
        0.4447096779065974,
        0.3785872270955759,
        0.3417486661643374,
        0.3304121810212439,
        0.33215620160541115,
        0.2827972435922015,
        0.2649345438123918,
        0.27644600826954724,
        0.2539612050442135,
        0.21625332826492832,
        0.20787492564276738,
        0.18842161903340443,
        0.19324416922880153,
        0.1934165675558296,
        0.19673231788271783,
        0.15197248115916462,
        0.15525254044754833,
        0.16326513272874496,
        0.14911798738381443,
        0.1372807933127179,
        0.12424242374140258,
        0.10809365776824016,
        0.11429051660439547
    ],
    "train_acc": [
        58.048630347799325,
        72.08371806709756,
        75.40781779008925,
        77.93167128347184,
        79.1320406278855,
        81.99445983379502,
        83.81040320098492,
        84.30286241920591,
        87.41151123422591,
        88.9196675900277,
        88.98122499230533,
        89.4429055093875,
        90.42782394582949,
        91.65897199138196,
        90.79716835949523,
        91.53585718682672,
        92.61311172668513,
        93.19790704832256,
        94.18282548476455,
        93.69036626654355,
        93.99815327793168,
        94.02893197907048,
        95.29085872576178,
        95.29085872576178,
        95.19852262234534,
        95.62942443828871,
        95.38319482917821,
        96.33733456448138,
        96.61434287473068,
        96.42967066789781
    ],
    "val_loss": [
        1.640023969369484,
        1.7214263906684137,
        2.179162745338901,
        0.6894802963178531,
        2.1070330844639673,
        0.9957863024490721,
        1.363650598240508,
        1.0900455712524526,
        4.411058963997234,
        0.3975905080082799,
        1.1821434941897786,
        0.37801566978119877,
        0.8574928025122704,
        1.0805578516332852,
        1.6303590091753422,
        0.4195831211258979,
        0.3681670507437814,
        0.14689908188758602,
        0.27219744112317484,
        0.39273521793320115,
        0.11819753500715117,
        0.09161432591317148,
        0.16541215575382331,
        1.110150340208658,
        0.12359789980024181,
        0.22208383204269921,
        0.23263469701301873,
        0.1055943425185522,
        0.05753603192416074,
        0.053899609329271375
    ],
    "val_acc": [
        44.936903662665436,
        48.75346260387812,
        38.6580486303478,
        73.53031702062172,
        56.75592489996922,
        69.31363496460449,
        67.49769159741459,
        68.51338873499539,
        49.58448753462604,
        86.24192059095107,
        66.88211757463834,
        86.18036318867344,
        74.02277623884272,
        70.76023391812865,
        58.94121268082487,
        83.96429670667898,
        87.71929824561404,
        96.49122807017544,
        91.2588488765774,
        87.81163434903047,
        96.6451215758695,
        97.26069559864574,
        94.27516158818098,
        72.11449676823638,
        95.75253924284395,
        91.84364419821483,
        91.2588488765774,
        96.89135118498,
        98.61495844875347,
        98.30717143736534
    ]
}