{
    "train_loss": [
        1.9816919693759842,
        1.8290579026820613,
        1.7256140358307783,
        1.667096945584989,
        1.5911237620839886,
        1.582475067353716,
        1.559539834658305,
        1.6059506406971054,
        1.5262130674193888,
        1.472340925067079,
        1.469609841412189,
        1.4597013709591884,
        1.4277546405792236,
        1.3905852770104128,
        1.4334166248639424,
        1.3672083376669417,
        1.2691547029158647,
        1.2526657493675457,
        1.2377513635392283,
        1.2448661046869614,
        1.1917288729957505,
        1.2042896005452848,
        1.2022098670987522,
        1.1894395976674323,
        1.140029599269231,
        1.1785432532721876,
        1.159628627347011,
        1.1385058322373558,
        1.1964755181004019,
        1.117603538083095
    ],
    "train_acc": [
        24.807633117882425,
        28.808864265927976,
        35.02616189596799,
        37.580794090489384,
        39.15050784856879,
        39.4275161588181,
        40.35087719298246,
        39.212065250846415,
        40.81255771006464,
        45.213911972914744,
        43.49030470914128,
        44.53678054786088,
        45.275469375192365,
        45.337026777469994,
        44.167436134195135,
        49.2151431209603,
        52.66235764850723,
        51.738996614342874,
        50.66174207448446,
        52.385349338257925,
        53.031702062172975,
        51.923668821175745,
        52.970144659895354,
        52.046783625730995,
        54.44752231455833,
        52.35457063711911,
        53.8627269929209,
        53.678054786088026,
        52.29301323484149,
        55.40166204986149
    ],
    "val_loss": [
        1.6463665880408942,
        1.6601427068897323,
        1.7349062678860683,
        1.4718541701634724,
        1.4735957676289129,
        1.4271859275359733,
        1.4247418034310435,
        1.3696389852785598,
        1.3442444602648418,
        1.3261387944221497,
        1.296644460921194,
        1.4024531923088372,
        1.3004486724442126,
        1.4144720341645034,
        1.3330536262661803,
        1.2649154026134342,
        1.262103226254968,
        1.1931270097984987,
        1.1691858528875838,
        1.1439571482878106,
        1.1522209606334275,
        1.2158056740082948,
        1.2271897059445287,
        1.1229555928239636,
        1.1272619109527737,
        1.164727852917185,
        1.1218698097794664,
        1.0912064814976616,
        1.1204404977022433,
        1.1344827463229497
    ],
    "val_acc": [
        31.117266851338872,
        31.425053862726994,
        27.393044013542628,
        44.19821483533395,
        43.705755617112956,
        45.3678054786088,
        42.35149276700523,
        45.89104339796861,
        47.614650661742075,
        46.1372730070791,
        48.199445983379505,
        46.26038781163435,
        48.35333948907356,
        44.59833795013851,
        48.04555247768544,
        48.01477377654663,
        52.16989843028624,
        53.370267774699904,
        53.955063096337334,
        55.30932594644506,
        54.016620498614955,
        52.570021545090796,
        52.908587257617725,
        55.894121268082486,
        54.478301015697134,
        51.98522622345337,
        56.41735918744229,
        54.6321945213912,
        54.35518621114189,
        54.23207140658664
    ]
}