{
    "train_loss": [
        1.390691137196971,
        0.5503094254755506,
        0.3352921282251676,
        0.2429908857333894,
        0.18196903180111856,
        0.1458290453963712,
        0.10209649940039597,
        0.08422896299766851,
        0.07183766755384996,
        0.062357774999577044,
        0.0503044852840842,
        0.04753604529918555,
        0.04362667332330317,
        0.033402785608617994,
        0.031937122872263635,
        0.023621267094687724,
        0.02438388902844642,
        0.027700254372914557,
        0.025648298905021055,
        0.01711255432432974,
        0.018510851025234396,
        0.011670207235832042,
        0.018739376501887853,
        0.01498145129024873,
        0.019694829179320996,
        0.01936816815378181,
        0.019686914945601066,
        0.015693656987779976,
        0.014481624711633605,
        0.010777115065281452
    ],
    "train_acc": [
        59.341335795629426,
        84.14896891351185,
        89.35056940597107,
        92.39766081871345,
        94.15204678362574,
        95.38319482917821,
        96.86057248384118,
        97.56848261003385,
        97.84549092028317,
        98.39950754078178,
        98.67651585103108,
        98.67651585103108,
        98.7072945521699,
        99.01508156355801,
        99.01508156355801,
        99.32286857494614,
        99.32286857494614,
        99.50754078177901,
        99.44598337950139,
        99.50754078177901,
        99.53831948291783,
        99.66143428747307,
        99.35364727608496,
        99.53831948291783,
        99.35364727608496,
        99.29208987380733,
        99.29208987380733,
        99.53831948291783,
        99.53831948291783,
        99.7229916897507
    ],
    "val_loss": [
        0.6636561454803336,
        0.3031439470748107,
        0.17969520707779071,
        0.10895155607174863,
        0.06618189493504663,
        0.04043473322948843,
        0.026604946393419204,
        0.01743262269740751,
        0.012103097528725973,
        0.008976187737311656,
        0.006291124105451209,
        0.004649109112078269,
        0.004793734117080092,
        0.0032223195920974544,
        0.003806379568071433,
        0.0021238031419902564,
        0.0018828403526818945,
        0.0013650954541506008,
        0.0019845469831160896,
        0.004863724209273784,
        0.0009438949294716996,
        0.0007349185909298089,
        0.0012882149060126668,
        0.0006291424775982331,
        0.0008138933618979269,
        0.002489738882657405,
        0.0011755246374092415,
        0.0007242666884207318,
        0.0005657416701319116,
        0.00035499801518145595
    ],
    "val_acc": [
        82.67159125884888,
        91.84364419821483,
        95.04462911665128,
        97.84549092028317,
        98.64573714989227,
        99.41520467836257,
        99.50754078177901,
        99.78454909202831,
        99.90766389658357,
        99.87688519544476,
        100.0,
        100.0,
        100.0,
        99.96922129886119,
        99.96922129886119,
        100.0,
        100.0,
        100.0,
        100.0,
        99.87688519544476,
        100.0,
        100.0,
        100.0,
        100.0,
        100.0,
        99.96922129886119,
        99.96922129886119,
        100.0,
        100.0,
        100.0
    ]
}