{
    "train_loss": [
        1.5520469195702498,
        0.7433114079868093,
        0.47710315506247913,
        0.3482634877019069,
        0.255867204289226,
        0.21413208557402386,
        0.1782618147704531,
        0.1433031737585278,
        0.12117589665028979,
        0.1006182315211524,
        0.09970260311794632,
        0.07782370042165412
    ],
    "train_acc": [
        45.869365225390986,
        74.35142594296228,
        84.19503219871206,
        88.33486660533579,
        91.59153633854646,
        92.71389144434222,
        93.94664213431463,
        95.5473781048758,
        96.13615455381785,
        96.688132474701,
        96.688132474701,
        97.81048758049678
    ],
    "val_loss": [
        1.2267200075663054,
        0.9763573663882338,
        0.7766226611565799,
        0.7532461762580519,
        0.7947712331616248,
        0.7694059160018626,
        0.7382315283847185,
        0.7834924894850701,
        0.760208787692066,
        0.8001211783042751,
        0.7729181588466207,
        0.7878052444564394
    ],
    "val_acc": [
        61.37469586374696,
        70.1338199513382,
        75.48661800486617,
        76.58150851581509,
        75.97323600973236,
        77.4330900243309,
        78.83211678832117,
        79.1970802919708,
        79.25790754257908,
        80.17031630170317,
        80.2919708029197,
        80.71776155717761
    ]
}